route,rating,csp,matchname,phone
No match,4189672633
EPICERIE NAZAIRE ESSIAMBRE. - 00694,Téléphone: (418) 763-3101,EPI.N.ESSIAMBRE@CGOCABLE.CA,,"53, BOULEVARD PERRON"
STE-ANNE-DES-MONTS QUÉBEC G4V3B8,,G4V3B8,STE-ANNE-DES-MONTS QUÉBEC G4V3B8,"53, BOULEVARD PERRON",EPICERIE NAZAIRE ESSIAMBRE,3,Sainte-Anne-des-Monts,,4187633101
ESSO LE RIVERAIN. - 00695,Téléphone: (418) 763-5717
Télécopieur : (418) 763-5717,DEPANNEURRIVERAIN@CGOCABLE.CA,,"208, BOUL ST-ANNE OUEST"
STE-ANNE-DES-MONTS QC G4W1S2,,G4W1S2,STE-ANNE-DES-MONTS,"208, BOUL ST-ANNE OUEST",ESSO LE RIVERAIN,3,Sainte-Anne-des-Monts,,4187635717
GAZ BAR MARIO JEAN. - 00696,Téléphone: (418) 763-2545,MICHOU11@GLOBETROTTER.NET,,"63, BOUL PERRON OUEST"
STE-ANNE-DES-MONTS (TOURELLE) QC G4V3B8,,G4V3B8,STE-ANNE-DES-MONTS,"63, BOUL PERRON OUEST",GAZ BAR MARIO JEAN,3,Sainte-Anne-des-Monts,,4187632545
IGA MATANE (MARCHE DESROSIERS INC).,Téléphone: (418) 562-7111
Télécopieur : (418) 562-8119
Cellulaire: 418 429 8581 DANY LAFONTAINE,IGA08042HAUTEDIRECTION@SOBEYS.COM,,551 AVENUE DU PHARE EST
MATANE QC G4W1A8,,G4W1A8,MATANE,551 AVENUE DU PHARE EST,IGA MATANE (MARCHÉ DESROSIERS INC.,3,Sainte-Anne-des-Monts,,4185627111
MARCHE PAM. - 00705:MARCHE P.A.M. - 00697,Téléphone: (418) 784-2224
Télécopieur : (418) 784-2777,marchepam@globetrotter.net,,604 4 IEME RUE
MURDOCHVILLE QC G0E1W0,,G0E1W0,MURDOCHVILLE,604 4 IEME RUE,MARCHE PAM,3,Sainte-Anne-des-Monts,,4187842224
METRO/:MÉTRO 22795 ALIMENTATION BERNARD CARON INC,Téléphone: (418) 763-2026,MF022795OPR@METRO.CA,,2 BOUL STE ANNE
STE ANNE DES MONTS EST QC G4V1M5,,G4V1M5,STE ANNE DES MONTS EST,2 BOUL STE ANNE,METRO 2795 : ALIMENTATION BERNARD CARON INC.,3,Sainte-Anne-des-Monts,,4187632026
No match,4182885276
MARCHE CHEZ JULIE. - 00698,Téléphone: (418) 797-2167
Télécopieur : (418) 797-2110,BX06207MONTSTPIERRE@SOBEYS.COM,,"70, PRUDENT CLOUTIER"
MONT-SAINT-PIERRE QUÉBEC G0E1V0,,G0E1V0,MONT-SAINT-PIERRE QUÉBEC G0E1V0,"70, PRUDENT CLOUTIER",MARCHE CHEZ JULIE,4,Sainte-Anne-des-Monts,,4187972167
CANTINE LA TOURELLE. - 00699,Téléphone: (418) 763-0202,KAROBENOIT@HOTMAIL.COM,,"35, BOUL PERRON"
STE-ANNE-DES-MONTS QC G4V3A1,,G4V3A1,STE-ANNE-DES-MONTS,"35, BOUL PERRON",CANTINE LA TOURELLE,2,Sainte-Anne-des-Monts,csp,4187630202
LA MACHINE A TRUC. - 00700,Téléphone: (418) 797-2137,ELEMENTYANIK@GMAIL.COM,,40. 7E RUE EST
MONT LOUIS QC G0E1T0,,G0E1T0,MONT LOUIS,40. 7E RUE EST,LA MACHINE A TRUC,2,Sainte-Anne-des-Monts,csp,4187972137
No match,4187640022
SEA SHACK (AUBERGE FESTIVE). - 00702,Téléphone: (418) 763-2999,administration@AUBERGEFESTIVE.COM,,292 boul Perron Est
SAINTE ANNE DES MONTS QC G4V3A7,,G4V3A7,SAINTE ANNE DES MONTS,292 boul Perron Est,SEA SHACK (AUBERGE FESTIVE),2,Sainte-Anne-des-Monts,csp,4187632999
No match,4187843311
No match,4187641318
CHOPE SUR MER. - 00110,Téléphone: (581) 886-0037,CHOPE-SUR-MER@HOTMAIL.COM,,562 BOUL PERRON
CARLETON QUÉBEC GOC1J0,,GOC1J0,CARLETON QUÉBEC GOC1J0,562 BOUL PERRON,CHOPE SUR MER,1,BAIE DES CHALEURS,,5818860037
DEPANNEUR S.L. CAPLAN. - 00116,Téléphone: (418) 388-5714
Télécopieur : (418) 388-2223,DEPANNEURSL@HOTMAIL.CA,,78 BOUL. PERRON
CAPLAN QC G0C1H0,,G0C1H0,CAPLAN,78 BOUL. PERRON,DEPANNEUR SL CAPLAN,1,BAIE DES CHALEURS,,4183885714
IGA PASPEBIAC. -00121,Téléphone: (418) 752-2288
Télécopieur : (418) 752-2340,IGA08250HAUTEDIRECTION@SOBEYS.COM,,111 BOULEVARD GERARD D LEVESQUE OUEST
PASPEBIAC QC G0C2K0,,G0C2K0,PASPEBIAC,111 BOULEVARD GERARD D LEVESQUE OUEST,IGA PASPEBIAC,2,BAIE DES CHALEURS,,4187522288
No match,4185343438
No match,4183647380
No match,4183920313
DÉPANNEUR 2000. - 00112,Téléphone: (418) 752-7070,MINDUJOE@HOTMAIL.COM,,200 GÉRARD D. LÉVESQUE
NEW-CARLISLE QUÉBEC G0C
1Z0,,BECG0C,NEW-CARLISLE QUÉBEC G0C,200 GÉRARD D. LÉVESQUE,DEPANNEUR 2000,3,BAIE DES CHALEURS,,4187527070
DÉPANNEUR DU COIN SENC - BONAVENTURE. - 00113,Téléphone: (418) 534-2353
Télécopieur : (418) 534-2055,WANGJINGCO@GMAIL.COM,,"185, GRAND-PRÉ"
BONAVENTURE QC G0C1E0,,G0C1E0,BONAVENTURE,"185, GRAND-PRÉ",DEPANNEUR DU COIN SENC - BONAVENTURE,3,BAIE DES CHALEURS,,4185342353
DÉPANNEUR L' AIGLE D OR. - 00114,Téléphone: (418) 392-6363
Télécopieur : (418) 392-6383,aigledor@navigue.com,,184 RTE 132
NEW RICHMOND QC G0C2B0,,G0C2B0,NEW RICHMOND,184 RTE 132,DEPANNEUR L' AIGLE D OR,3,BAIE DES CHALEURS,,4183926363
No match,4187528109
DEPANNEUR LE DUO ENR. - 00720,Téléphone: 418-388-5558,GAETANELEBLANC@NAVIGUE.COM,,"129, ROUTE DE SAINT-ALPHONSE"
CAPLAN QC G0C 2V0,,G0C2V0,CAPLAN,"129, ROUTE DE SAINT-ALPHONSE",DÉPANNEUR LE DUO ENR.,3,BAIE DES CHALEURS,,4183885558
GAZBAR NEW-RICHMOND. - 00117,Téléphone: (418) 391-4330,GAZBARNR@GMAIL.COM,,132 ROUTE 132 OUEST
NEW-RICHMOND QUÉBEC G0C2B0,,G0C2B0,NEW-RICHMOND QUÉBEC G0C2B0,132 ROUTE 132 OUEST,GAZ BAR NEW-RICHMOND,3,BAIE DES CHALEURS,,4183914330
IGA BONAVENTURE. - 00118,Téléphone: (418) 534-2020
Télécopieur : (418) 534-3034,IGA00482COMPTABILITE@SOBEYS.COM,,MAGASIN COOP BONAVENTURE
"168, AVENUE GRAND-PRÉ"
BONAVENTURE QUÉBEC G0C1E0,,AND-PRÉ,"168, AVENUE GRAND-PRÉ",MAGASIN COOP BONAVENTURE
IGA BONAVENTURE,3,BAIE DES CHALEURS,,4185342020
IGA MARIA. - 00119,Téléphone: (418) 759-3440
Télécopieur : (418) 759-1201,IGA00299MARIA@SOBEYS.COM,,524 BOUL PERRON
MARIA QUEBEC G0C1Y0,,G0C1Y0,MARIA,524 BOUL PERRON,IGA MARIA,3,BAIE DES CHALEURS,,4187593440
IGA NEW-RICHMOND. - 00120,Téléphone: (418) 392-4237
Télécopieur : (418) 392-6236,iga00497newrichmond@sobeys.com,,120 PERRON OUEST
NEW RICHMOND QC G0C2B0,,G0C2B0,NEW RICHMOND,120 PERRON OUEST,IGA NEW-RICHMOND,3,BAIE DES CHALEURS,,4183924237
No match,4189322600
SDEIC,Téléphone: 418-388-2042,admcoopcaplan@globetrotter.net,,22 BOULEVARD PERRON EST
CAPLAN QUEBEC G0C1H0
CANADA,,G0C1H0,CAPLAN,22 BOULEVARD PERRON EST,MARCHE TRADITION CAPLAN,3,BAIE DES CHALEURS,,4183882042
PÉTRO-CANA DÉPANNEUR BEAU-SOIR. - 00126,Téléphone: 581-364-3000
Cellulaire: 418-391-2650,lucie.boucher@petrobeausoir.ca,,101 PERRON OUEST
ST-SIMÉON QUÉBEC G0C3A0,,G0C3A0,ST-SIMÉON QUÉBEC G0C3A0,101 PERRON OUEST,PETRO-CANA DEPANNEUR BEAUSOIR,3,BAIE DES CHALEURS,,5813643000
No match,4187526519
POISSONNERIE LA COQUILLE. - 00128,Téléphone: (418) 388-2427
Télécopieur : (418) 388-2555,lacoquille@globetrotter.net,,277 RTE 132 OUEST
CAPLAN QC G0C1H0,,G0C1H0,CAPLAN,277 RTE 132 OUEST,POISSONNERIE LA COQUILLE,3,BAIE DES CHALEURS,,4183882427
CAFE ACADIEN BONAVENTURE. - 00713,Téléphone: (418) 534-4276,INFO@CAFEACADIEN.COM,,"168, RUE DE BEAUBASSIN"
BONAVENTURE QC G0C1E0,,G0C1E0,BONAVENTURE,"168, RUE DE BEAUBASSIN",CAFE ACADIEN BONAVENTURE,2,BAIE DES CHALEURS,csp,4185344276
BAR SALON L'ÉTAPE. - 00130,Téléphone: (418) 534-3144,BSPOIR@GLOBETROTTER.NET,,"149 A, BOUL PERRON OUEST"
SAINT SIMEON QC G0C3A0,,G0C3A0,SAINT SIMEON,"149 A, BOUL PERRON OUEST",Bar SALON L'ETAPE (cs),3,BAIE DES CHALEURS,csp,4185343144
BOULANGERIE LA PÉTRIE. - 00131,Téléphone: (418) 534-3445,comptes@boulangerieartisanaleapetrie.com,,"128, AVE DE GRAND-PRÉ"
BONAVENTURE QC G0C1E0,,G0C1E0,BONAVENTURE,"128, AVE DE GRAND-PRÉ",BOULANGERIE LA PETRIE (CSP),3,BAIE DES CHALEURS,csp,4185343445
No match,4187527005
No match,4187528109
CLUB DE GOLF DE BONAVENTURE,Téléphone: 418-752-3161,INFO@AGFAUVEL.COM,,"361, RTE 132 EST"
BONAVENTURE QC G0C 1E0,,G0C1E0,BONAVENTURE,"361, RTE 132 EST",CLUB DE GOLF BONAVENTURE,3,BAIE DES CHALEURS,csp,4187523161
PUB ST-JOSEPH. - 00138,Téléphone: (418) 364-3355,KARINE.STONGE@BAIEBLEUE.COM,,"119, AVENUE GRAND PRÉ"
BONAVENTURE QUÉBEC G0C1E0,,G0C1E0,BONAVENTURE QUÉBEC G0C1E0,"119, AVENUE GRAND PRÉ",HOTEL BAIE BLEU,3,BAIE DES CHALEURS,csp,4183643355
HÔTEL LA MAISON BLANCHE. - 00136,Téléphone: (418) 752-1000,INFO@HOTELMAISONBLANCHE.CA,,104 BOUL GÉRARD LÉVESQUE
NEW-CARLISLE QUÉBEC G0C1Z0,,G0C1Z0,NEW-CARLISLE QUÉBEC G0C1Z0,104 BOUL GÉRARD LÉVESQUE,HÔTEL LA MAISON BLANCHE,3,BAIE DES CHALEURS,csp,4187521000
No match,4187528261
No match,4183923462
RESTAURANT LE FIN GOURMET. - 00139,Téléphone: (418) 392-4704
Télécopieur : (418) 392-5879,ADMIN.FINGOURMET@GLOBETROTTER.NET,,129
RTE 132 OUEST
NEW-RICHMOND QC G0C2B0,,2OUEST,RTE 132 OUEST,129,RESTAURANT LE FIN GOURMET(fût),3,BAIE DES CHALEURS,csp,4183924704
RESTAURANT LE MARIN D'EAU DOUCE. - 00140,Téléphone: (418) 364-7602,CONTACT@MARINDEAUDOUCE.COM,,215 ROUTE DU QUAI
CARLETON QUÉBEC G0C1J0,,G0C1J0,CARLETON QUÉBEC G0C1J0,215 ROUTE DU QUAI,RESTAURANT LE MARIN D'EAU DOUCE,3,BAIE DES CHALEURS,csp,4183647602
No match,4187522003
No match,5818864317
UMI YAMA SUSHI. - 00143,Téléphone: (418) 364-3885,AKICARLETON@GMAIL.COM,,725 BOUL. PERRON
CARLETON QUÉBEC,,QUÉBEC,CARLETON QUÉBEC,725 BOUL. PERRON,UMI YAMA SUSHI (fût),3,BAIE DES CHALEURS,csp,4183643885
LOBLAW:PROVIGO GASPÉ 8040 ALIMENTATION NADINE MURRAY INC,Téléphone: (418) 368-7144
Télécopieur : (418) 368-7104,SMP8040D@PROVIGO.CA,,167 RUE DE LA REINE
GASPÉ QC G4X2W6,,G4X2W6,GASPÉ,167 RUE DE LA REINE,PROVIGO GASPE 8040 ALIMENTATION NADINE MURRAY INC,1,Gaspe,,4183687144
GAZ BAR JEAN-GUY THIBAULT. - 00204,Téléphone: (418) 368-6573,DAPHNE.JGT@HOTMAIL.CA,,"126, DE DOUGLAS"
GASPÉ QC G4X2W8,,G4X2W8,GASPÉ,"126, DE DOUGLAS",GAZ BAR JEAN-GUY THIBAULT,2,Gaspe,,4183686573
IGA GASPÉ. - 00192,Téléphone: (418) 368-5211
Télécopieur : (418) 368-4165,IGA00477GASPE@SOBEYS.COM,,39 MONTEE DE SANDY BEACH
GASPE QC G4X2A9,,G4X2A9,GASPE,39 MONTEE DE SANDY BEACH,IGA GASPE,2,Gaspe,,4183685211
MARCHE DES SAVEURS GASPESIENNES. - 00193,Téléphone: (418) 368-7705
Télécopieur : (418) 368-7017,saveursgaspesiennes@gmail.com,,119 RUE DE LA REINE
GASPE QC G4X1T5,,G4X1T5,GASPE,119 RUE DE LA REINE,MARCHE DES SAVEURS GASPESIENNES,2,Gaspe,,4183687705
METRO/:MÉTRO ÉPICERIE JOEL ASPIRAULT 3859.,Téléphone: (418) 269-3202
Télécopieur : (418) 269-3202,ERICENGLISH@GLOBETROTTER.NET,,"43, BOUL RENARD EST"
RIVIÈRE-AU-RENARD QC G4X5R1,,G4X5R1,RIVIÈRE-AU-RENARD,"43, BOUL RENARD EST",METRO 3859 : METRO EPICERIE JOEL ASPIRAULT,2,Gaspe,,4182693202
METRO/:MÉTRO SUPER C GASPÉ 6108.,Téléphone: (418) 360-0021,MS026108ADM@METRO.CA,,"327, BOUL YORK SUD"
GASPÉ QC G4X2L2,,G4X2L2,GASPÉ,"327, BOUL YORK SUD",METRO 6108: METRO SUPER C GASPE 6108,2,Gaspe,,4183600021
DÉPANNEUR BILODEAU. - 00195,Téléphone: (418) 892-5391
Télécopieur : (418) 892-6089,denise.bilodeaudep@gmail.com,,"2, CHEMIN DU PORTAGE"
GASPÉ QC G4X6B4,,G4X6B4,GASPÉ,"2, CHEMIN DU PORTAGE",DEPANNEUR BILODEAU,3,Gaspe,,4188925391
PETROLES CADEKO:DÉPANNEUR CADÉKO GASPÉ. - 00196,Téléphone: (418) 368-2731
Télécopieur : (418) 368-1828,PC079@CADEKO.CA,,91 RUE JACQUES CARTIER
GASPÉ QC G4X1M5,,G4X1M5,GASPÉ,91 RUE JACQUES CARTIER,DEPANNEUR CADEKO GASPE,3,Gaspe,,4183682731
DÉPANNEUR CENTRE-VILLE. - 00197,Téléphone: (418) 360-5569,jp_com@hotmail.com,,127 JACQUES-CARTIER
GASPÉ QC G4X1M8,,G4X1M8,GASPÉ,127 JACQUES-CARTIER,DEPANNEUR CENTRE-VILLE,3,Gaspe,,4183605569
DÉPANNEUR COTTON. - 00198,Téléphone: (418) 269-7770,SCOTTON02@HOTMAIL.COM,,"201, DE RIVIÈRE-MORRIS"
RIVIÈRE-AU-RENARD G4X5P5,,G4X5P5,RIVIÈRE-AU-RENARD G4X5P5,"201, DE RIVIÈRE-MORRIS",DEPANNEUR COTTON,3,Gaspe,,4182697770
DÉPANNEUR DU VERSANT (GASPE). - 00199,Téléphone: (418) 368-2544,VERSANT2018@YAHOO.COM,,462 MONTEE WAKEHAM
GASPE QC G4X1Y6,,G4X1Y6,GASPE,462 MONTEE WAKEHAM,DEPANNEUR DU VERSANT (GASPE),3,Gaspe,,4183682544
DÉPANNEUR SOS. - 00200,Téléphone: (418) 368-2425,DENISFORTIN@GLOBETROTTER.NET,,"24, MONTÉE DE SANDY BEACH"
GASPÉ QC G4X2A8,,G4X2A8,GASPÉ,"24, MONTÉE DE SANDY BEACH",DEPANNEUR SOS,3,Gaspe,,4183682425
ÉPICERIE BOULAY. - 00201,Téléphone: (418) 269-3654
Télécopieur : (418) 269-5007,GAETAN.BOULAY56@ICLOUD.COM,,77 RENARD EST
GASPE QC G4X5K7,,G4X5K7,GASPE,77 RENARD EST,EPICERIE BOULAY,3,Gaspe,,4182693654
ÉPICERIE DU COIN DE GASPÉ INC. - 00202,Téléphone: (418) 368-4888
Télécopieur : (418) 368-8284,DEPANNEURDUCOIN@HOTMAIL.CA,,94 RUE MONSEIGNEUR ROSS
GASPÉ QC G4X1L8,,G4X1L8,GASPÉ,94 RUE MONSEIGNEUR ROSS,EPICERIE DU COIN DE GASPE INC,3,Gaspe,,4183684888
No match,4183615430
ROBIN DE BARACHOIS. - 00206,Téléphone: (418) 645-2291
Télécopieur : (418) 645-2734,,,1083 RTE 132 E
BARACHOIS QUÉBEC G0C2L0,,G0C2L0,BARACHOIS QUÉBEC G0C2L0,1083 RTE 132 E,ROBIN DE BARACHOIS,3,Gaspe,,4186452291
No match,4183605161
No match,4183615368
No match,4183603316
AUBERGE LE CARIBOU. - 00211,Téléphone: 18772603344
Télécopieur : (418) 269-3237,administration@lecaribou.ca,,82 BOUL RENARD OUEST
RIVIERE AUX RENARD QC G4X5H1,,G4X5H1,RIVIERE AUX RENARD,82 BOUL RENARD OUEST,AUBERGE LE CARIBOU,3,Gaspe,csp,18772603344
No match,5818870282
CAFÉ BISTRO CAP-AUX-OS CSP. ( GESTION HOTELIÈRE GASPESIA) - 00214,Téléphone: (418) 361-2070,ANETTENICOLAS1@HOTMAIL.COM,,1986 boul. Grande Grève
Cap-aux-Os Québec G4X6L6,,G4X6L6,Cap-aux-Os Québec G4X6L6,1986 boul. Grande Grève,CAFE BISTRO PARC NATURE CAP-AUX-OS CSP (GESTION HOTELIERE GASPESIA),3,Gaspe,csp,4183612070
CAFÉ DES ARTISTES. - 00215,Téléphone: (418) 368-3366
Télécopieur : (418) 368-3367,CONTACT@CAFEDESARTISTES.CO,,101 DE LA REINE
GASPE QC G4X1T5,,G4X1T5,GASPE,101 DE LA REINE,CAFE DES ARTISTES,3,Gaspe,csp,4183683366
No match,4186452907
Club Nautique Jacques Cartier.,Téléphone: (418) 368-1288,,,"10, RUE DE LA MARINA"
GASPÉ QC G4X3B1,,G4X3B1,GASPÉ,"10, RUE DE LA MARINA",CLUB NAUTIQUE GASPÉ,3,Gaspe,csp,4183681288
No match,4183607622
No match,4183682000
RESTAURANT CHEZ RON. - 00220,Téléphone: (418) 368-6274,TEDYB0058@HOTMAIL.COM,,"627, BOUL DE YORK S"
GASPÉ (QC) G4X2L3,,G4X2L3,GASPÉ (,"627, BOUL DE YORK S",RESTAURANT CHEZ RON,3,Gaspe,csp,4183686274
No match,4186899947GINO
IGA CHANDLER (8255). - 00223,Téléphone: (418) 689-6862
Télécopieur : (418) 689-4239,IGA08255CHANDLER@SOBEYS.COM,,89 BOUL. RENÉ-LEVESQUE OUEST
CHANDLER QC G0C1K0,,G0C1K0,CHANDLER,89 BOUL. RENÉ-LEVESQUE OUEST,IGA CHANDLER (8255),2,Local,,4186896862
PÉCHÉ MALTÉ. - 00224,Téléphone: (418) 689-1214,PECHEMALTE@GMAIL.COM,,65 RUE COMMERCIALE OUEST LOCAL 101
CHANDLER QUÉBEC G0C1K0,,G0C1K0,CHANDLER QUÉBEC G0C1K0,65 RUE COMMERCIALE OUEST LOCAL 101,PECHE MALTE,2,Local,,4186891214
ALEXINA. - 00225,Téléphone: (418) 385-1316
Télécopieur : (418) 385-5097,ALEXINA@CGOCABLE.CA,,"172, GRANDE-ALLÉE"
GRANDE - RIVIERE QC G0C1V0,,G0C1V0,GRANDE - RIVIERE,"172, GRANDE-ALLÉE",ALEXINA,3,Local,,4183851316
DÉPANNEUR CA-RO-LYN. - 00226,Téléphone: (418) 385-3515,annie_bernier@live.ca,,48A LA GRANDE-ALLÉE EST
GRANDE-RIVIÈRE QC G0C1V0,,G0C1V0,GRANDE-RIVIÈRE,48A LA GRANDE-ALLÉE EST,DEPANNEUR CA-RO-LYN,3,Local,,4183853515
DÉPANNEUR CHEZ MARIO. - 00227,Téléphone: (418) 385-2130,BRUNOCOLLIN@HOTMAIL.CA,,323 RTE 132
STE-THERESE-DE-GASPE QC G0C3B0,,G0C3B0,STE-THERESE-DE-GASPE,323 RTE 132,DEPANNEUR CHEZ MARIO,3,Local,,4183852130
DÉPANNEUR CHEZ MICHEL. - 00228,Téléphone: (418) 396-5411
Télécopieur : (418) 396-2013,,,215 B DE LA RIVIÈRE
PORT DANIEL QUÉBEC G0C2N0,,G0C2N0,PORT DANIEL QUÉBEC G0C2N0,215 B DE LA RIVIÈRE,DEPANNEUR CHEZ MICHEL,3,Local,,4183965411
DÉPANNEUR MARIE-SOLEIL. - 00229,Téléphone: (418) 385-3282,CYNTHIALAVOIE31@HOTMAIL.CA,,152 RUE GRANDE-ALLÉE
GRANDE-RIVIÈRE QUÉBEC G0C1V0,,G0C1V0,GRANDE-RIVIÈRE QUÉBEC G0C1V0,152 RUE GRANDE-ALLÉE,DEPANNEUR MARIE-SOLEIL,3,Local,,4183853282
DÉPANNEUR PM (BANNIÈRE ESSO) - 00221,Téléphone: 418-396-3000,,,414 ROUTE PORT-DANIEL
PORT-DANIEL QC G0C 2N0,414 ROUTE PORT-DANIEL
PORT-DANIEL QC G0C 2N0,G0C2N0,PORT-DANIEL,414 ROUTE PORT-DANIEL,DEPANNEUR PM,3,Local,,4183963000
DÉPANNEUR STATION 132. - 00230,Téléphone: (418) 385-3350
Télécopieur : (418) 385-3033,GCARO60@HOTMAIL.COM,,148 LA GRANDE-ALLÉE EST
GRANDE-RIVIÈRE QC G0C3B0,,G0C3B0,GRANDE-RIVIÈRE,148 LA GRANDE-ALLÉE EST,DEPANNEUR STATION 132,3,Local,,4183853350
ENTREPRISE DENIS DUBÉ. - 00231,Téléphone: (418) 689-2311,STEVE.CYR@GLOBETROTTER.NET,,"382, BOUL PABOS"
PABOS G0C2H0,,G0C2H0,PABOS G0C2H0,"382, BOUL PABOS",ENTREPRISE DENIS N DUBE,3,Local,,4186892311
ENTREPRISE LUCIEN BROUSSEAU. - 00232,Téléphone: (418) 689-5858,CLAUDE-CHOUINARD@LIVE.CA,,"186, ROUTE 132"
PABOS MILLS QUÉBEC G0C2J0,,G0C2J0,PABOS MILLS QUÉBEC G0C2J0,"186, ROUTE 132",ENTREPRISE LUCIEN BROUSSEAU,3,Local,,4186895858
ÉPICERIE DT LANGLOIS (MARCHÉ). - 00245,Téléphone: (418) 396-2330
Télécopieur : (418) 396-2484,glegault@live.ca,,530 RTE 132
PORT DANIEL QC G0C2N0,,G0C2N0,PORT DANIEL,530 RTE 132,EPICERIE DT LANGLOIS (MARCHE),3,Local,,4183962330
ÉPICERIE G. MEUNIER (INTERMARCHÉ). - 00233:AXEP NEWPORT (CHOISIR EPICEIRE G. MEUNIER).,Téléphone: (418) 777-2991
Télécopieur : (418) 777-2993,epiceriegaetanmeunier@globetrotter.net,,"432, RTE 132"
NEW PORT QC G0C2A0,,G0C2A0,NEW PORT,432 RTE 132,EPICERIE G MEUNIER (INTERMARCHE),3,Local,,4187772991
SOBEYS:IGA GRANDE-RIVIÈRE. - 00234,Téléphone: (418) 385-3494
Télécopieur : (418) 385-3514,IGA08372GRANDE-RIVIERE@SOBEYS.COM,,143 GRANDE ALLEE E.
GRANDE RIVIERE QC G0C1V0,,G0C1V0,GRANDE RIVIERE,143 GRANDE ALLEE E.,IGA GRANDE-RIVIÈRE,3,Local,,4183853494
MARCHÉ GUY DESBOIS. - 00235,Téléphone: (418) 385-2110
Télécopieur : (418) 385-2903,BX04304MARCHEDESBOIS@SOBEYS.COM,,209 RTE 132
STE THERESE DE GASPE QC G0C3B0,,G0C3B0,STE THERESE DE GASPE,209 RTE 132,MARCHE GUY DESBOIS,3,Local,,4183852110
METRO/:MÉTRO CHANDLER MARCHÉ DOIRON.,Téléphone: (418) 689-6999
Télécopieur : (418) 689-4414,,,175  RENE-LEVESQUES EST
CHANDLER QC G0C1K0,,G0C1K0,CHANDLER,175  RENE-LEVESQUES EST,METRO 25997 : MÉTRO SUPER C CHANDLER,3,Local,,4186896999
METRO/:MÉTRO MARCHÉ DOR-E GASCON 6259.,Téléphone: (418) 396-5659
Télécopieur : (418) 396-5646,michelparise74@gmail.com,,140 RTE 132  EST
GASCON QC G0C1P0,,G0C1P0,GASCON,140 RTE 132  EST,METRO 6259: METRO MARCHE DORE GASCON,3,Local,,4183965659
PETROLES CADEKO:PÉTROLE CADÉKO CHANDLER (77). - 00236,Téléphone: (418) 689-4909,pc077@cadeko.ca,,"55, BOUL RENÉ-LÉVESQUE EST"
CHANDLER QC G0C1K0,,G0C1K0,CHANDLER,"55, BOUL RENÉ-LÉVESQUE EST",PÉTROLE CADEKO CHANDLER,3,Local,,4186894909
POISSONNERIE LELIEVRE & LEMOIGNAN. - 00237,Téléphone: (418) 385-3110
Télécopieur : (418) 385-2260,lelem@cgocable.ca,,52 RUE DES VIGNEAUX
STE THERESE DE GASPE QC G0C3B0,,G0C3B0,STE THERESE DE GASPE,52 RUE DES VIGNEAUX,POISSONNERIE LELIEVRE & LEMOIGNAN,3,Local,,4183853110
No match,4186893063
No match,4186803350
AU COQ D'OR. - 00241,Téléphone: (418) 385-2733,coq.dor@live.ca,,"173A, GRANDE-ALLÉE EST"
GRANDE-RIVIÈRE G0C1V0,,G0C1V0,GRANDE-RIVIÈRE G0C1V0,"173A, GRANDE-ALLÉE EST",AU COQ D'OR,3,Local,csp,4183852733
No match,4187826556
CORPORATION DU BOURG DE PABOS. - 00243,Téléphone: (418) 689-6043
Télécopieur : (418) 689-4240,bourg@globetrotter.net,,"75, RUE DE LA PLAGE"
PABOS MILLS QC G0C2J0,,G0C2J0,PABOS MILLS,"75, RUE DE LA PLAGE",CORPORATION DU BOURG DE PABOS,3,Local,csp,4186896043
ÉCOLE DES PÊCHES. - 00244,Téléphone: (418) 616-4227,ERROUSSY@CEGEPGIM.CA,,167 GRANDE-ALLÉE EST
GRANDE-RIVIÈRE QC GOC1V0,,GOC1V0,GRANDE-RIVIÈRE,167 GRANDE-ALLÉE EST,ECOLE DES PÊCHES,3,Local,csp,4186164227
No match,4186893255
LE CAFÉ DU CENTRE. - 00246,Téléphone: (418) 782-6419,A.COUTURE@HOTMAIL.COM,,"40, CURÉ POIRIER"
CAP D'ESPOIR QUÉBEC GOC1G0,,GOC1G0,CAP D'ESPOIR QUÉBEC GOC1G0,"40, CURÉ POIRIER",LE CAFE DU CENTRE,3,Local,csp,4187826419
MOTEL CHANDLER. - 00247,Téléphone: (418) 689-4444
Télécopieur : (418) 689-5544,MOTELCHANDLER@GLOBETROTTER.NET,,515 DAIGNEAULT
CHANDLER QC G0C1K0,,G0C1K0,CHANDLER,515 DAIGNEAULT,MOTEL CHANDLER,3,Local,csp,4186894444
MOTEL DU RIVAGE. - 00248,Téléphone: (418) 385-2221
Télécopieur : (418) 385-2236,COMPTABILITELD.JEANNINE@HOTMAIL.COM,,97 GRANDE-ALLÉE EST
GRANDE-RIVIERE QC G0C1V0,,G0C1V0,GRANDE-RIVIERE,97 GRANDE-ALLÉE EST,MOTEL DU RIVAGE,3,Local,csp,4183852221
MOTEL FRASER. - 00249,Téléphone: (418) 689-2281
Télécopieur : (418) 689-6628,INFO@MOTELFRASER.COM,,325 RTE 132
Chandler QC G0C1K0,,G0C1K0,Chandler,325 RTE 132,MOTEL FRASER,3,Local,csp,4186892281
No match
No match
RESTO LA CHALOUPE. - 00253,Téléphone: (418) 689-6500
Télécopieur : (418) 689-6500,lachaloupe2004@hotmail.com,,399  BOUL PABOS
PABOS QC GOC2H0,,GOC2H0,PABOS,399  BOUL PABOS,RESTO LA CHALOUPE,3,Local,csp,4186896500
RESTO-PUB 1855.,Téléphone: (418) 777-3118,comptabiliteld.etatdecompte@hotmail.com,,704 RTE 132
NEWPORT QUÉBEC GOC2A0,,GOC2A0,NEWPORT QUÉBEC GOC2A0,704 RTE 132,RESTO-PUB 1855,3,Local,csp,4187773118
COOP MARCHÉ AMI PERCÉ. - 00254,Téléphone: (418) 782-5211
Télécopieur : (418) 782-5303,COOPPERCE@GMAIL.COM,,RTE 132
PERCE QC G0C2L0,,G0C2L0,PERCE,RTE 132,COOP MARCHE AMI PERCE,1,Local (Percé),,4187825211
DÉPANNEUR DEPRES DEPRES. - 00255,Téléphone: (418) 782-1400
Télécopieur : (418) 782-5907,DDESPRES@HOTMAIL.CA,,"186, ROUTE 132 OUEST"
PERCÉ QC G0C2L0,,G0C2L0,PERCÉ,"186, ROUTE 132 OUEST",DEPANNEUR DEPRES DEPRES,3,Local (Percé),,4187821400
FUMOIR LE PATERNEL. - 00256,Téléphone: (418) 782-4342,fumoir.le.paternel@gmail.com,,"23, route Bilodeau"
Percé Québec G0C2L0
Canada,,G0C2L0,Percé Québec G0C2L0,"23, route Bilodeau",FUMOIR LE PATERNEL,3,Local (Percé),,4187824342
No match
No match,4187832387
Tourisme de L'anse -VIEILLE USINE. - 00257,Téléphone: (418) 782-2277,ADMIN@LAVIEILLEUSINE.QC.CA,,"55, RUE A BONFILS"
ANSE-A-BEAUFILS (QC),,LS(QC),ANSE-A-BEAUFILS (,"55, RUE A BONFILS",Tourisme de L'anse -VIEILLE USINE,2,Local (Percé),csp,4187822277
COMPTOIR MONSIEUR ÉMILE. - 00258,Téléphone: (418) 782-2924,INFO@FUMOIR-MONSIEUR-EMILE.COM,,"16, RUE BIARD"
PERCÉ QUÉBEC G0C2L0,,G0C2L0,PERCÉ QUÉBEC G0C2L0,"16, RUE BIARD",COMPTOIR MONSIEUR EMILE,2,Local (Percé),csp,4187822924
FESTIVAL DES PERCÉIDES. - 00259,Téléphone: 418-782-4379,ANTOINE.A.DUPUIS@PERCEIDES.COM,,162 RTE 132
PERCÉ QC G0C 2L0,162 RTE 132
PERCÉ QC G0C 2L0,G0C2L0,PERCÉ,162 RTE 132,FESTIVAL DES PERSÉIDES,2,Local (Percé),csp,4187824379
No match,4187832461
LA NORMANDIE. - 00262,Téléphone: (418) 782-2112,HOTEL@NORMANDIEPERCE.COM,,221 RTE 132 OUEST
PERCE QC GOC2L0,,GOC2L0,PERCE,221 RTE 132 OUEST,LA NORMANDIE,3,Local (Percé),csp,4187822112
No match,4183853310
LE CAFÉ CHAMPÊTRE. - 00264,Téléphone: (418) 782-4043,PERCE98@CGOCABLE.CA,,"162, ROUTE 132 OUEST"
PERCÉ QC G0C2L0,,G0C2L0,PERCÉ,"162, ROUTE 132 OUEST",LE CAFE CHAMPÊTRE,3,Local (Percé),csp,4187824043
No match
No match,4187822211
No match
MAISON DU PÊCHEUR. - 00268,Téléphone: (418) 782-5331
Télécopieur : (418) 782-5624
Cellulaire: 4187826205 FRANCE,INFO@MAISONDUPECHEUR.CA,,157 ROUTE 132
C.P.201
PERCE QC G0C2L0,,C.P.201,C.P.201,157 ROUTE 132
MAISON DU PÊCHEUR,3,Local (Percé),csp,4187825331
MAISON MATHILDE. - 00269,Téléphone: (418) 782-2349,AUBERGE3@GLOBETROTTER.NET,,85 RTE 132
PERCE QC G0C2L0,,G0C2L0,PERCE,85 RTE 132,MAISON MATHILDE,3,Local (Percé),csp,4187822349
MANOIR  PERCÉ. - 00270,Téléphone: (418) 782-2022,info@manoirdeperce.com,,212 RTE 132
PERCE QC G0C2L0,,G0C2L0,PERCE,212 RTE 132,MANOIRPERCE,3,Local (Percé),csp,4187822022
MOTEL COTE SURPRISE. - 00271,Téléphone: (418) 782-2131,M.BISSONNETTE@BMCABLE.CA,,367 RTE 132 OUEST
PERCE QC G0C2L0,,G0C2L0,PERCE,367 RTE 132 OUEST,MOTEL COTE SURPRISE,3,Local (Percé),csp,4187822131
PARC ILE BONAVENTURE & DU ROCHER PERCE. - 00272,Téléphone: (418) 782-2240,AUDET.CAROLINE@SEPAQ.COM,,4 RUR DU QUAI
PERCE QC G0C2L0,,G0C2L0,PERCE,4 RUR DU QUAI,PARC ILE BONAVENTURE &ROCHER PERCE,3,Local (Percé),csp,4187822240
RESTAURANT LE SURCOUF. - 00274,Téléphone: (418) 782-5656,RESTAURANTLESURCOUF@HOTMAIL.COM,,168 RTE 132 OUEST
PERCE QC G0C2L0,,G0C2L0,PERCE,168 RTE 132 OUEST,RESTAURANT LE SURCOUF,3,Local (Percé),csp,4187825656
No match,4185662651
TABLE A ROLAND. - 00276,Téléphone: (418) 782-2606
Télécopieur : (418) 782-5220,TROLAND@GLOBETROTTER.NET,,190 RTE 132 OUEST
C.P. 459
PERCE QC G0C2LO,,.P.459,C.P. 459,190 RTE 132 OUEST
TABLE A ROLAND,3,Local (Percé),csp,4187822606
No match